{
    "Circulation": {
        "hr": 76,
        "sbv": 1282.0219809698708,
        "k": [
            0.15290159,
            0.06062004,
            0.10144133,
            0.37423591,
            -0.01013541,
            0.01338657,
            0.03412392,
            0.27342605
        ]
    },
    "Capacitances": {
        "cvp": 9.177174518931672,
        "cas": 1.0581933718808212,
        "cvs": 56.11631517549809,
        "cap": 14.912908593263968
    },
    "Resistances": {
        "rvp": 0.015,
        "rcs": 0.03,
        "ras": 1.3485986982533558,
        "rvs": 0.015,
        "rcp": 0.02025,
        "rap": 0.1314414076187826,
        "rav": 0.025,
        "rmvb": 1e+20,
        "rtvb": 1e+20
    },
    "Solver": {
        "cutoff": 0.01,
        "iter_max": 50,
        "n_inc": 1800
    },
    "Heart": {
        "vs": 60000,
        "ys": 34,
        "c": 0.0,
        "patches": [
            0,
            2,
            2,
            0,
            0,
            0,
            0,
            2,
            2,
            0,
            0,
            0,
            0,
            2,
            0,
            0,
            1,
            1,
            1,
            1,
            1,
            3,
            4
        ],
        "am_ref": [
            630.7399768271551,
            974.0066714155339,
            974.0066714155339,
            630.7399768271551,
            630.7399768271551,
            630.7399768271551,
            630.7399768271551,
            974.0066714155339,
            974.0066714155339,
            630.7399768271551,
            630.7399768271551,
            630.7399768271551,
            630.7399768271551,
            974.0066714155339,
            630.7399768271551,
            630.7399768271551,
            3463.8439588299248,
            3463.8439588299248,
            3463.8439588299248,
            3463.8439588299248,
            3463.8439588299248,
            6787.731979666689,
            11606.143062804204
        ],
        "wv": [
            10577.0264327943,
            13543.7533590658,
            10963.9908144819,
            5804.46572531392,
            3869.64381687595,
            4901.54883470953,
            8900.18077881468,
            10319.0501783359,
            9416.13328773147,
            5417.50134362633,
            4901.54883470953,
            7223.3351248351,
            8900.18077881468,
            8126.25201543949,
            5417.50134362633,
            6836.37074314751,
            9091.65883124852,
            9091.65883124852,
            9091.65883124852,
            9091.65883124852,
            9091.65883124852,
            7190.7893094469,
            3188.95873723297
        ],
        "ls_ref": [
            2.0,
            2.0,
            2.0,
            2.0,
            2.0,
            2.0,
            2.0,
            2.0,
            2.0,
            2.0,
            2.0,
            2.0,
            2.0,
            2.0,
            2.0,
            2.0,
            2.0,
            2.0,
            2.0,
            2.0,
            2.0,
            2.0,
            2.0
        ],
        "ls_eiso": [
            0.04,
            0.04,
            0.04,
            0.04,
            0.04,
            0.04,
            0.04,
            0.04,
            0.04,
            0.04,
            0.04,
            0.04,
            0.04,
            0.04,
            0.04,
            0.04,
            0.04,
            0.04,
            0.04,
            0.04,
            0.04,
            0.04,
            0.04
        ],
        "lsc0": [
            1.51,
            1.51,
            1.51,
            1.51,
            1.51,
            1.51,
            1.51,
            1.51,
            1.51,
            1.51,
            1.51,
            1.51,
            1.51,
            1.51,
            1.51,
            1.51,
            1.51,
            1.51,
            1.51,
            1.51,
            1.51,
            1.51,
            1.51
        ],
        "v_max": [
            0.007,
            0.007,
            0.007,
            0.007,
            0.007,
            0.007,
            0.007,
            0.007,
            0.007,
            0.007,
            0.007,
            0.007,
            0.007,
            0.007,
            0.007,
            0.007,
            0.007,
            0.007,
            0.007,
            0.007,
            0.007,
            0.014,
            0.014
        ],
        "tr": [
            0.25,
            0.25,
            0.25,
            0.25,
            0.25,
            0.25,
            0.25,
            0.25,
            0.25,
            0.25,
            0.25,
            0.25,
            0.25,
            0.25,
            0.25,
            0.25,
            0.25,
            0.25,
            0.25,
            0.25,
            0.25,
            0.4,
            0.4
        ],
        "td": [
            0.25,
            0.25,
            0.25,
            0.25,
            0.25,
            0.25,
            0.25,
            0.25,
            0.25,
            0.25,
            0.25,
            0.25,
            0.25,
            0.25,
            0.25,
            0.25,
            0.25,
            0.25,
            0.25,
            0.25,
            0.25,
            0.4,
            0.4
        ],
        "tad": [
            323.6979091057944,
            323.6979091057944,
            323.6979091057944,
            323.6979091057944,
            323.6979091057944,
            323.6979091057944,
            323.6979091057944,
            323.6979091057944,
            323.6979091057944,
            323.6979091057944,
            323.6979091057944,
            323.6979091057944,
            323.6979091057944,
            323.6979091057944,
            323.6979091057944,
            323.6979091057944,
            323.6979091057944,
            323.6979091057944,
            323.6979091057944,
            323.6979091057944,
            323.6979091057944,
            291.77998392122987,
            291.77998392122987
        ],
        "sf_act": [
            0.5587101199543354,
            0.5587101199543354,
            0.5587101199543354,
            0.5587101199543354,
            0.5587101199543354,
            0.5587101199543354,
            0.5587101199543354,
            0.5587101199543354,
            0.5587101199543354,
            0.5587101199543354,
            0.5587101199543354,
            0.5587101199543354,
            0.5587101199543354,
            0.5587101199543354,
            0.5587101199543354,
            0.5587101199543354,
            0.5587101199543354,
            0.5587101199543354,
            0.5587101199543354,
            0.5587101199543354,
            0.5587101199543354,
            0.5250640370957674,
            0.5250640370957674
        ],
        "c_1": [
            1e-05,
            1e-05,
            1e-05,
            1e-05,
            1e-05,
            1e-05,
            1e-05,
            1e-05,
            1e-05,
            1e-05,
            1e-05,
            1e-05,
            1e-05,
            1e-05,
            1e-05,
            1e-05,
            1e-05,
            1e-05,
            1e-05,
            1e-05,
            1e-05,
            0.0016,
            0.0016
        ],
        "c_3": [
            0.000523,
            0.000523,
            0.000523,
            0.000523,
            0.000523,
            0.000523,
            0.000523,
            0.000523,
            0.000523,
            0.000523,
            0.000523,
            0.000523,
            0.000523,
            0.000523,
            0.000523,
            0.000523,
            0.000523,
            0.000523,
            0.000523,
            0.000523,
            0.000523,
            1.7e-05,
            1.7e-05
        ],