{
  "Circulation": {
    "hr": 76,
    "sbv": 1800,
    "k": [0.15290159,  0.06062004,  0.10144133,  0.37423591, -0.01013541,  0.01338657, 0.03412392,  0.27342605]
  },

  "Capacitances": {
    "cvp": 8.0,
    "cas": 1.32,
    "cvs": 70.0,
    "cap": 13.0
  },

    "Resistances": {
    "rvp": 0.015,
    "rcs": 0.030,
    "ras": 0.900,
    "rvs": 0.015,
    "rcp": 0.02025,
    "rap": 0.03,
    "rav": 0.025,
    "rmvb": 1e20,
    "rtvb": 1e20
  },

  "Solver": {
    "cutoff": 0.01,
    "iter_max": 50,
    "n_inc": 1800
  },

  "Heart": {
    "vs": 60000,
    "ys" : 34,
    "c" : 0.0,
    "patches": [0, 2, 2, 0, 0, 0, 0, 2, 2, 0, 0, 0, 0, 2, 0, 0, 1, 1, 1, 1, 1, 3, 4],
    "am_ref": [900.0, 1040.0, 1040.0,  900.0,  900.0,  900.0,  900.0, 1040.0, 1040.0, 900.0,  900.0,  900.0,  900.0, 1040.0,  900.0,  900.0, 2700.0, 2700.0, 2700.0, 2700.0, 2700.0, 6900.0, 5000.0],
    "wv": [10577.0264327943,	13543.7533590658,	10963.9908144819,	5804.46572531392,	3869.64381687595,	4901.54883470953,	8900.18077881468,	10319.0501783359,	9416.13328773147,	5417.50134362633,	4901.54883470953,	7223.3351248351,	8900.18077881468,	8126.25201543949,	5417.50134362633,	6836.37074314751,	9091.65883124852,	9091.65883124852,	9091.65883124852,	9091.65883124852,	9091.65883124852,	7190.7893094469,	3188.95873723297],
    "ls_ref": [2.0, 2.0, 2.0, 2.0, 2.0, 2.0, 2.0, 2.0, 2.0, 2.0, 2.0, 2.0, 2.0, 2.0, 2.0, 2.0, 2.0, 2.0, 2.0, 2.0, 2.0, 2.0, 2.0],
    "ls_eiso": [0.04, 0.04, 0.04, 0.04, 0.04, 0.04, 0.04, 0.04, 0.04, 0.04, 0.04, 0.04, 0.04, 0.04, 0.04, 0.04, 0.04, 0.04, 0.04, 0.04, 0.04, 0.04, 0.04],
    "lsc0": [1.51, 1.51, 1.51, 1.51, 1.51, 1.51, 1.51, 1.51, 1.51, 1.51, 1.51, 1.51, 1.51, 1.51, 1.51, 1.51, 1.51, 1.51, 1.51, 1.51, 1.51, 1.51, 1.51],
    "v_max": [7e-3, 7e-3, 7e-3, 7e-3, 7e-3, 7e-3, 7e-3, 7e-3, 7e-3, 7e-3, 7e-3, 7e-3, 7e-3, 7e-3, 7e-3, 7e-3, 7e-3, 7e-3, 7e-3, 7e-3, 7e-3, 14e-3, 14e-3],
    "tr": [0.25, 0.25, 0.25, 0.25, 0.25, 0.25, 0.25, 0.25, 0.25, 0.25, 0.25, 0.25, 0.25, 0.25, 0.25, 0.25, 0.25, 0.25, 0.25, 0.25, 0.25, 0.40, 0.40],
    "td": [0.25, 0.25, 0.25, 0.25, 0.25, 0.25, 0.25, 0.25, 0.25, 0.25, 0.25, 0.25, 0.25, 0.25, 0.25, 0.25, 0.25, 0.25, 0.25, 0.25, 0.25, 0.40, 0.40],
    "tad": [200.0, 200.0, 200.0, 200.0, 200.0, 200.0, 200.0, 200.0, 200.0, 200.0, 200.0, 200.0, 200.0, 200.0, 200.0, 200.0, 200.0, 200.0, 200.0, 200.0, 200.0, 80.0, 80.0],
    "sf_act": [0.150, 0.150, 0.150, 0.150, 0.150, 0.150, 0.150, 0.150, 0.150, 0.150, 0.150, 0.150, 0.150, 0.150, 0.150, 0.150, 0.150, 0.150, 0.150, 0.150, 0.150, 0.060, 0.060],
    "c_1": [1e-5, 1e-5, 1e-5, 1e-5, 1e-5, 1e-5, 1e-5, 1e-5, 1e-5, 1e-5, 1e-5, 1e-5, 1e-5, 1e-5, 1e-5, 1e-5, 1e-5, 1e-5, 1e-5, 1e-5, 1e-5, 1.60e-3, 1.60e-3],
    "c_3": [5.23e-4, 5.23e-4, 5.23e-4, 5.23e-4, 5.23e-4, 5.23e-4, 5.23e-4, 5.23e-4, 5.23e-4, 5.23e-4, 5.23e-4, 5.23e-4, 5.23e-4, 5.23e-4, 5.23e-4, 5.23e-4, 5.23e-4, 5.23e-4, 5.23e-4, 5.23e-4, 5.23e-4, 0.017e-3, 0.017e-3],
    "c_4": [10.0, 10.0, 10.0, 10.0, 10.0, 10.0, 10.0, 10.0, 10.0, 10.0, 10.0, 10.0, 10.0, 10.0, 10.0, 10.0, 10.0, 10.0, 10.0, 10.0, 10.0, 10.0, 10.0],
    "t_act": [306,	281.2,	287,	312.1,	346.9,	343.5,	322.7,	284.7,	283.5,	309.8,	349.7,	362.7,	326,	293,	317.2,	349.2, 250, 260, 260, 270, 270, 100, 100],
    "ischemic": [0, 0, 0, 0, 0, 0, 0, 0, 0, 0, 0, 0, 0, 0, 0, 0, 0, 0, 0, 0, 0, 0, 0]
  },

  "Pericardium": {
    "thickness": 0.0,
    "c_1": 1.59e-1,
    "c_3": 8.41e-3,
    "c_4": 3.47e1,
    "pre_stretch": 1.0
},

  "Growth": {
    "time": [-1, 0, 1, 6, 11, 16, 21, 26, 31, 36, 41, 46, 51, 56, 61, 66, 71, 76, 81, 86, 91, 96, 101, 106, 111, 116, 121, 126, 131, 136, 141, 146, 151, 156, 161, 166, 171, 176, 181],
    "dt": 5,
    "hr": [76, 76, 76, 76, 76, 76, 76, 76, 76, 76, 76, 76, 76, 76, 76, 76, 76, 76, 76, 76, 76, 76, 76, 76, 76, 76, 76, 76, 76, 76, 76, 76, 76, 76, 76, 76, 76, 76, 76],
    "rmvb": [1e10, 1e10, 1e10, 1e10, 1e10, 1e10, 1e10, 1e10, 1e10, 1e10, 1e10, 1e10, 1e10, 1e10, 1e10, 1e10, 1e10, 1e10, 1e10, 1e10, 1e10, 1e10, 1e10, 1e10, 1e10, 1e10, 1e10, 1e10, 1e10, 1e10, 1e10, 1e10, 1e10, 1e10, 1e10, 1e10, 1e10, 1e10, 1e10],
    "sbv": [1800, 1800,  1800, 1800, 1800, 1800, 1800, 1800, 1800, 1800, 1800, 1800, 1800, 1800, 1800, 1800, 1800, 1800, 1800, 1800, 1800, 1800, 1800, 1800, 1800, 1800, 1800, 1800, 1800, 1800, 1800, 1800, 1800, 1800, 1800, 1800, 1800, 1800, 1800],
    "ras": [0.900, 0.900, 0.900, 0.900, 0.900, 0.900, 0.900, 0.900, 0.900, 0.900, 0.900, 0.900, 0.900, 0.900, 0.900, 0.900, 0.900, 0.900, 0.900, 0.900, 0.900, 0.900, 0.900, 0.900, 0.900, 0.900, 0.900, 0.900, 0.900, 0.900, 0.900, 0.900, 0.900, 0.900, 0.900, 0.900, 0.900, 0.900, 0.900],
    "ischemic": [
      {
        "ischemic": [0, 0, 0, 0, 0, 0, 0, 0, 0, 0, 0, 0, 0, 0, 0, 0, 0, 0, 0, 0, 0, 0, 0],
        "t_init": 0
      }
    ],
    "t_act": [
      {
        "t_act": [317.1,	287.2,	285.8,	325.5,	368.9,	372,	334.7,	293.7,	294.8,	340.5,	391.1,	396.3,	367.3,	315.9,	356.9,	410.8, 280, 260, 280, 270, 270, 100, 100],
        "t_init": 0
      },
      {
        "t_act": [268.9,	238.1,	231.4,	266.4,	277,	294.7,	274.8,	236,	229.1,	259.7,	236.2,	279.2,	296.3,	238.5,	267.3,	286.6, 230, 230, 220, 220, 210, 100, 100],
        "t_init": 1
      }
    ],
    "f_gmax_pos_l": 0.05,
    "f_gmax_neg_l": 0.05,
    "n_pos_l": 3,
    "n_neg_l": 3,
    "s_50_pos_l": 0.075 ,
    "s_50_neg_l": 0.075,
    "f_gmax_pos_r": 0.05,
    "f_gmax_neg_r": 0.05,
    "n_pos_r": 3,
    "n_neg_r": 9,
    "s_50_pos_r": 0.075,
    "s_50_neg_r": 0.25,
    "fr_ratio": 1,
    "t_mem": 45,
    "growing_walls": [0, 1, 2]
  }
}
