{
    "Circulation": {
        "hr": 76,
        "sbv": 1448.5622631501933,
        "k": [
            0.15290159,
            0.06062004,
            0.10144133,
            0.37423591,
            -0.01013541,
            0.01338657,
            0.03412392,
            0.27342605
        ]
    },
    "Capacitances": {
        "cvp": 9.209221779509127,
        "cas": 1.1197954935431624,
        "cvs": 59.38309435456164,
        "cap": 14.964985391702331
    },
    "Resistances": {
        "rvp": 0.015,
        "rcs": 0.03,
        "ras": 1.1447025923473837,
        "rvs": 0.015,
        "rcp": 0.02025,
        "rap": 0.1239062828752244,
        "rav": 0.025,
        "rmvb": 1e+20,
        "rtvb": 1e+20
    },
    "Solver": {
        "cutoff": 0.01,
        "iter_max": 50,
        "n_inc": 1800
    },
    "Heart": {
        "vs": 60000,
        "ys": 34,
        "c": 0.0,
        "patches": [
            0,
            2,
            2,
            0,
            0,
            0,
            0,
            2,
            2,
            0,
            0,
            0,
            0,
            2,
            0,
            0,
            1,
            1,
            1,
            1,
            1,
            3,
            4
        ],
        "am_ref": [
            600.3263394267414,
            990.1364848572681,
            990.1364848572681,
            600.3263394267414,
            600.3263394267414,
            600.3263394267414,
            600.3263394267414,
            990.1364848572681,
            990.1364848572681,
            600.3263394267414,
            600.3263394267414,
            600.3263394267414,
            600.3263394267414,
            990.1364848572681,
            600.3263394267414,
            600.3263394267414,
            2544.2920358473416,
            2544.2920358473416,
            2544.2920358473416,
            2544.2920358473416,
            2544.2920358473416,
            7935.236976129696,
            8795.912004760556
        ],
        "wv": [
            10577.0264327943,
            13543.7533590658,
            10963.9908144819,
            5804.46572531392,
            3869.64381687595,
            4901.54883470953,
            8900.18077881468,
            10319.0501783359,
            9416.13328773147,
            5417.50134362633,
            4901.54883470953,
            7223.3351248351,
            8900.18077881468,
            8126.25201543949,
            5417.50134362633,
            6836.37074314751,
            9091.65883124852,
            9091.65883124852,
            9091.65883124852,
            9091.65883124852,
            9091.65883124852,
            7190.7893094469,
            3188.95873723297
        ],
        "ls_ref": [
            2.0,
            2.0,
            2.0,
            2.0,
            2.0,
            2.0,
            2.0,
            2.0,
            2.0,
            2.0,
            2.0,
            2.0,
            2.0,
            2.0,
            2.0,
            2.0,
            2.0,
            2.0,
            2.0,
            2.0,
            2.0,
            2.0,
            2.0
        ],
        "ls_eiso": [
            0.04,
            0.04,
            0.04,
            0.04,
            0.04,
            0.04,
            0.04,
            0.04,
            0.04,
            0.04,
            0.04,
            0.04,
            0.04,
            0.04,
            0.04,
            0.04,
            0.04,
            0.04,
            0.04,
            0.04,
            0.04,
            0.04,
            0.04
        ],
        "lsc0": [
            1.51,
            1.51,
            1.51,
            1.51,
            1.51,
            1.51,
            1.51,
            1.51,
            1.51,
            1.51,
            1.51,
            1.51,
            1.51,
            1.51,
            1.51,
            1.51,
            1.51,
            1.51,
            1.51,
            1.51,
            1.51,
            1.51,
            1.51
        ],
        "v_max": [
            0.007,
            0.007,
            0.007,
            0.007,
            0.007,
            0.007,
            0.007,
            0.007,
            0.007,
            0.007,
            0.007,
            0.007,
            0.007,
            0.007,
            0.007,
            0.007,
            0.007,
            0.007,
            0.007,
            0.007,
            0.007,
            0.014,
            0.014
        ],
        "tr": [
            0.25,
            0.25,
            0.25,
            0.25,
            0.25,
            0.25,
            0.25,
            0.25,
            0.25,
            0.25,
            0.25,
            0.25,
            0.25,
            0.25,
            0.25,
            0.25,
            0.25,
            0.25,
            0.25,
            0.25,
            0.25,
            0.4,
            0.4
        ],
        "td": [
            0.25,
            0.25,
            0.25,
            0.25,
            0.25,
            0.25,
            0.25,
            0.25,
            0.25,
            0.25,
            0.25,
            0.25,
            0.25,
            0.25,
            0.25,
            0.25,
            0.25,
            0.25,
            0.25,
            0.25,
            0.25,
            0.4,
            0.4
        ],
        "tad": [
            318.3694068138958,
            318.3694068138958,
            318.3694068138958,
            318.3694068138958,
            318.3694068138958,
            318.3694068138958,
            318.3694068138958,
            318.3694068138958,
            318.3694068138958,
            318.3694068138958,
            318.3694068138958,
            318.3694068138958,
            318.3694068138958,
            318.3694068138958,
            318.3694068138958,
            318.3694068138958,
            318.3694068138958,
            318.3694068138958,
            318.3694068138958,
            318.3694068138958,
            318.3694068138958,
            304.9529296726869,
            304.9529296726869
        ],
        "sf_act": [
            0.5007301755291542,
            0.5007301755291542,
            0.5007301755291542,
            0.5007301755291542,
            0.5007301755291542,
            0.5007301755291542,
            0.5007301755291542,
            0.5007301755291542,
            0.5007301755291542,
            0.5007301755291542,
            0.5007301755291542,
            0.5007301755291542,
            0.5007301755291542,
            0.5007301755291542,
            0.5007301755291542,
            0.5007301755291542,
            0.5007301755291542,
            0.5007301755291542,
            0.5007301755291542,
            0.5007301755291542,
            0.5007301755291542,
            0.4544673424014809,
            0.4544673424014809
        ],
        "c_1": [
            1e-05,
            1e-05,
            1e-05,
            1e-05,
            1e-05,
            1e-05,
            1e-05,
            1e-05,
            1e-05,
            1e-05,
            1e-05,
            1e-05,
            1e-05,
            1e-05,
            1e-05,
            1e-05,
            1e-05,
            1e-05,
            1e-05,
            1e-05,
            1e-05,
            0.0016,
            0.0016
        ],
        "c_3": [
            0.000523,
            0.000523,
            0.000523,
            0.000523,
            0.000523,
            0.000523,
            0.000523,
            0.000523,
            0.000523,
            0.000523,
            0.000523,
            0.000523,
            0.000523,
            0.000523,
            0.000523,
            0.000523,
            0.000523,
            0.000523,
            0.000523,
            0.000523,
            0.000523,
            1.7e-05,
            1.7e-05
        ],